{"minimum_run_duration": 100.0, "runs": [{"duration": 355, "start": 2355380, "peak": 78.3677257957448, "tags": []}, {"duration": 232, "start": 4919554, "peak": 70.93879782758023, "tags": []}, {"duration": 189, "start": 5878677, "peak": 70.61605388330443, "tags": []}], "_current_run": null, "maximum_gap_between_runs": 500.0}