{"minimum_run_duration": 100.0, "runs": [{"duration": 732, "start": 3820956, "peak": 75.61660465181393, "tags": ["wind"]}, {"duration": 145, "start": 5459744, "peak": 74.96987415560594, "tags": []}, {"duration": 504, "start": 6260404, "peak": 71.65591877954179, "tags": []}, {"duration": 211, "start": 6367844, "peak": 72.2939917244022, "tags": []}], "_current_run": null, "maximum_gap_between_runs": 500.0}